Gavin;(126) 200-5358;La Seyne-sur-Mer;97053;3335$;47
Flavia;(256) 806-5715;Lichtaart;99630;3599$;42
Dylan;(163) 830-8440;Villa Verde;61205;3618$;31
Rae;(352) 790-8233;Bankura;01293;3832$;69
Hanae;(342) 747-9109;La Ligua;76456;2262$;48
Yoko;(924) 214-3165;Villa Santo Stefano;13641;1415$;40
Imelda;(358) 315-6128;Awka;55976;3004$;40
Plato;(748) 240-0849;Las Cabras;31953;3475$;37
Bianca;(966) 744-8592;Wood Buffalo;70990;3975$;50
Ferris;(404) 730-3269;RosiŽres;72905;1165$;70
Fredericka;(942) 895-7808;Saint-Remy;32048;3940$;69
Noble;(814) 413-0501;Crotta d'Adda;73079;1317$;25
Tanek;(325) 540-4769;Cartago;38090;2996$;42
Venus;(667) 335-3985;Fontanellato;57798;1753$;23
Josiah;(678) 170-3447;Aschersleben;47039;3122$;46
Dustin;(211) 640-0721;Rothesay;14583;1601$;57
Leigh;(237) 887-3011;Carahue;83823;3004$;44
Colleen;(882) 950-1748;Koninksem;36714;3900$;58
Caleb;(887) 919-6777;Camiña;15762;2511$;68
Leah;(655) 715-5813;Mjölby;22224;2832$;50
Sage;(326) 304-6152;Mandi Burewala;97759;3201$;20
Candace;(372) 397-9527;Hoofddorp;06975;1664$;36
Nell;(224) 974-4595;Saint-Vincent;29632;3264$;45
Erasmus;(827) 558-9644;Castanhal;56220;3217$;28
Griffin;(267) 912-7187;Galbiate;74182;2949$;38
Alika;(898) 973-3647;Motta Visconti;71402;1557$;34
MacKensie;(405) 226-4309;Las Condes;91211;2289$;31
Irma;(985) 275-8321;Vito d'Asio;66817;3578$;37
Kellie;(637) 828-9549;Rothesay;11534;2080$;39
Ryder;(752) 878-4687;Develi;89023;1652$;21
Teagan;(458) 854-4560;Tarragona;05515;2410$;70
Kirk;(764) 341-2916;Saint-Vincent;91656;3939$;70
Venus;(148) 101-2717;Ottawa;17903;2302$;43
Venus;(711) 323-0008;Hornsea;46867;3162$;48
Axel;(384) 592-9914;Campotosto;84013;1161$;67
Cole;(931) 826-8145;Pocatello;08130;3796$;35
Denise;(428) 393-8200;Cittanova;23571;2931$;68
Christopher;(886) 558-7724;Teltow;46748;2184$;52
Bianca;(928) 544-6780;Wolfsberg;07667;1446$;34
Fulton;(970) 896-2125;Vaulx-lez-Chimay;65696;2559$;26
Illana;(358) 486-0624;Castel di Tora;11557;3062$;67
Cooper;(108) 704-1538;Moose Jaw;51417;1109$;41
Cameron;(191) 671-0589;Rathenow;94377;2165$;55
Hiram;(145) 422-8990;Toowoomba;49933;1887$;46
Amelia;(177) 430-4060;Itajaí;93562;3616$;22
Dillon;(298) 602-7689;Cantley;83717;2646$;48
Florence;(512) 480-7544;FlŽnu;38127;3821$;47
Arthur;(578) 842-9791;St. John's;46475;1429$;55
Athena;(625) 112-1648;Cape Breton Island;33314;1925$;58
Lawrence;(746) 663-4476;Orciano Pisano;46268;2175$;44
Cade;(943) 976-5367;Erli;24005;1264$;60
Zephr;(314) 922-7070;Bad Vilbel;14053;2098$;47
Allegra;(199) 146-0884;Augsburg;20524;1021$;46
Sigourney;(323) 479-4275;Lawton;78484;1529$;49
Brynn;(922) 768-1764;Nossegem;80435;2160$;34
Lillian;(175) 559-9575;Champion;78960;2751$;22
Xavier;(273) 391-7563;Cuttack;95340;3545$;59
Jack;(804) 616-4370;Naro;36710;1006$;61
Thor;(697) 348-9316;Meerut;41069;3277$;59
Mohammad;(899) 740-1167;Oria;82324;3309$;68
Inez;(313) 433-6863;San Luca;11511;3435$;36
Rylee;(390) 880-3228;Sparwood;66236;3108$;54
Chandler;(569) 503-4085;Reinbek;33661;3379$;43
Amelia;(695) 388-0723;Cleveland;63886;2817$;55
Robert;(462) 482-4743;Plancenoit;17859;1811$;56
Deacon;(310) 395-3073;Bouwel;92241;2175$;51
Tatyana;(730) 529-5990;Argyle;89344;3256$;58
Ray;(517) 437-3744;Des Moines;91336;3434$;53
Bruno;(172) 232-7433;Rapone;59591;3217$;47
Gillian;(587) 273-5094;Hasselt;38110;1601$;61
Orson;(114) 645-4822;Mauá;11976;3213$;35
Zorita;(281) 114-4116;Meerdonk;17727;2670$;24
Mohammad;(253) 781-6085;Zaanstad;67361;3317$;55
Alika;(569) 106-2719;Saint-Louis;47538;2285$;41
Irene;(507) 796-8524;Kearny;07722;1647$;60
Thaddeus;(783) 811-4593;Sint-Pieters-Kapelle;47892;3146$;52
Brielle;(891) 922-3257;Suwałki;33562;1844$;48
Alea;(142) 487-8914;San Giovanni in Galdo;85128;3654$;62
Lynn;(705) 757-6402;Guben;85216;2092$;41
Odysseus;(432) 360-7125;Gembloux;84554;3678$;28
Lael;(948) 603-5392;Kızılcahamam;73853;1067$;42
Brennan;(380) 735-4848;Saint-Remy;25858;1634$;36
Seth;(937) 180-1468;Quilpué;67396;1680$;70
Emmanuel;(411) 701-1859;Feldkirchen in Kärnten;71569;3537$;59
Trevor;(418) 431-4634;Terneuzen;30542;2203$;51
Slade;(901) 452-2479;Oosterhout;72108;1355$;35
Hadley;(418) 132-1227;Bragança;91870;2462$;55
Lesley;(141) 753-6489;Duisburg;45785;2221$;34
Zelda;(155) 461-3261;Davoli;24928;2814$;25
Guy;(486) 677-9708;Götzis;82746;1636$;50
Quincy;(557) 945-3786;Medicine Hat;87632;1714$;65
Calista;(964) 373-8865;Santa Marina;55669;2786$;30
Salvador;(641) 993-3583;Colico;78608;3837$;49
Quynn;(286) 603-8203;Maser;87531;1881$;46
Theodore;(263) 929-1215;Blue Mountains;92881;3395$;70
Macaulay;(329) 159-8571;Baracaldo;93921;1238$;28
Branden;(968) 423-4929;Dro;18830;2119$;41
Martena;(761) 572-2474;Notre-Dame-du-Nord;82230;3858$;57
Tanisha;(528) 543-8963;Wanneroo;15596;3189$;27
